{"cameraMode":{"drawMode":2,"name":"Shaded Wireframe","section":"Shading Mode"},"sceneLighting":true,"audioPlay":false,"sceneViewState":{"showFog":true,"showMaterialUpdate":false,"showSkybox":true,"showFlares":true,"showImageEffects":true,"showParticleSystems":true},"in2DMode":false,"pivot":{"x":-2.960597515106201,"y":-0.7912279367446899,"z":16.65596580505371},"rotation":{"x":0.022457465529441835,"y":0.17200526595115663,"z":-0.004103705286979675,"w":0.9848340153694153},"size":20.3720760345459,"orthographic":false}